,id,conversation_id,created_at,date,time,timezone,user_id,username,name,place,tweet,language,mentions,urls,photos,replies_count,retweets_count,likes_count,hashtags,cashtags,link,retweet,quote_url,video,thumbnail,near,geo,source,user_rt_id,user_rt,retweet_id,reply_to,retweet_date,translate,trans_src,trans_dest
0,1528696920729956352,1528696920729956352,2022-05-23 13:18:42 CEST,2022-05-23,13:18:42,200,1528649918306557952,nachooatm82,Nacho Esteban,,Terminando el desafio de tripulaciones en @TheBridge_Tech,es,"[{'screen_name': 'thebridge_tech', 'name': 'the bridge', 'id': '1162694149956603904'}]",[],[],0,0,0,[],[],https://twitter.com/nachooatm82/status/1528696920729956352,False,,0,,,,,,,,[],,,,
1,1528650844094271490,1528650844094271490,2022-05-23 10:15:36 CEST,2022-05-23,10:15:36,200,41545659,nodosenlared,Mario Lopez de Avila,,"""El libro de la inteligencia colectiva""   https://t.co/tUyIEoFlP9 art√≠culo de @tiscar sobre la presentaci√≥n que del libro de @arey haremos esta semana en @TheBridge_Tech  Plazas limitadas, inscripciones en  https://t.co/Oht7sRlBPh  https://t.co/wICvbVbVqi",es,"[{'screen_name': 'tiscar', 'name': 't√≠scar lara', 'id': '4628161'}, {'screen_name': 'arey', 'name': 'amalio a. rey', 'id': '15993641'}, {'screen_name': 'thebridge_tech', 'name': 'the bridge', 'id': '1162694149956603904'}]","['https://buff.ly/3sRqibV', 'https://buff.ly/3lbGQaq']","['https://pbs.twimg.com/media/FTbb1zsX0AAmbUn.jpg', 'https://pbs.twimg.com/media/FTbb1z5WAAE2WWq.jpg']",0,3,6,[],[],https://twitter.com/nodosenlared/status/1528650844094271490,False,,1,https://pbs.twimg.com/media/FTbb1zsX0AAmbUn.jpg,,,,,,,[],,,,
2,1528647207594909696,1528647207594909696,2022-05-23 10:01:09 CEST,2022-05-23,10:01:09,200,4628161,tiscar,T√≠scar Lara,,Este jueves nos vemos en @TheBridge_Tech para hablar sobre inteligencia colectiva a prop√≥sito del nuevo libro de @amaliorey y la compa√±√≠a de @nodosenlared. En el blog avanzo algunos detalles:  https://t.co/rVXQw1TTf2,es,"[{'screen_name': 'thebridge_tech', 'name': 'the bridge', 'id': '1162694149956603904'}, {'screen_name': 'amaliorey', 'name': 'ùíúùìÇùí∂ùìÅùíæùëú ‚ÑõùëíùìéùìÉùëúùìàùëú ùíü.', 'id': '1320907855281688576'}, {'screen_name': 'nodosenlared', 'name': 'mario lopez de avila', 'id': '41545659'}]",['https://tiscar.com/2022/05/22/el-libro-de-la-inteligencia-colectiva/'],[],0,0,1,[],[],https://twitter.com/tiscar/status/1528647207594909696,False,https://twitter.com/arey/status/1528638307516694529,0,,,,,,,,[],,,,
3,1528641426975760389,1528641426975760389,2022-05-23 09:38:11 CEST,2022-05-23,09:38:11,200,987388686,juanluispavon1,Juan Luis Pav√≥n,,"Conoce las 25 ofertas de #empleo de la empresa sevillana @Galgus, creadora de tecnolog√≠a #WiFi de primer nivel mundial, y descubre tambi√©n ofertas de empleo en #Sevilla de @PFDrive @HotelColonGM  @GrupoElecnor @TheBridge_Tech @beteling, etc. Ver m√°s:  https://t.co/9lJwB9yIAl  https://t.co/k8bFhZV5tx",es,"[{'screen_name': 'galgus', 'name': 'gustavo lopez', 'id': '284201498'}, {'screen_name': 'pfdrive', 'name': 'power factors', 'id': '855167953209139200'}, {'screen_name': 'hotelcolongm', 'name': 'hotel col√≥n, a gran meli√° hotel', 'id': '1693601575'}, {'screen_name': 'grupoelecnor', 'name': 'grupo elecnor', 'id': '2338589186'}, {'screen_name': 'thebridge_tech', 'name': 'the bridge', 'id': '1162694149956603904'}, {'screen_name': 'beteling', 'name': 'beteling', 'id': '4491886581'}]",['https://bit.ly/3a4ESX1'],['https://pbs.twimg.com/media/FTbQBPOXwAArA9f.jpg'],0,2,6,"['empleo', 'wifi', 'sevilla']",[],https://twitter.com/juanluispavon1/status/1528641426975760389,False,,1,https://pbs.twimg.com/media/FTbQBPOXwAArA9f.jpg,,,,,,,[],,,,
4,1528638307516694529,1528638307516694529,2022-05-23 09:25:47 CEST,2022-05-23,09:25:47,200,15993641,arey,Amalio A. Rey,,#LastMinute La 2da presentaci√≥n del #LibroIC en #Madrid ser√° este jueves (18:30) en @TheBridge_Tech acompa√±ados por T√≠scar Lara (@tiscar) y Mario L√≥pez de √Åvila (@nodosenlared). +Info e inscripciones aqu√≠:  https://t.co/OVzv1SdR7x,es,"[{'screen_name': 'thebridge_tech', 'name': 'the bridge', 'id': '1162694149956603904'}, {'screen_name': 'tiscar', 'name': 't√≠scar lara', 'id': '4628161'}, {'screen_name': 'nodosenlared', 'name': 'mario lopez de avila', 'id': '41545659'}]",['https://bit.ly/3LLF4IJ'],[],0,2,3,"['lastminute', 'libroic', 'madrid']",[],https://twitter.com/arey/status/1528638307516694529,False,,0,,,,,,,,[],,,,
5,1527312943397806080,1527312943397806080,2022-05-19 17:39:16 CEST,2022-05-19,17:39:16,200,1162694149956603904,thebridge_tech,The Bridge,,¬°Qu√© poco queda para el pr√≥ximo üî•Burn Mondayüî•! Lunes 23 de mayo a las 18h. aplicaremos la #IA en un viaje por obras pict√≥ricas y hablaremos de la metodolog√≠a de un Hackaton con dos alumnis de #DataScience ¬°Saca tu entrada y ven a tomarte un @burn_es!üîã‚¨á  https://t.co/6mNJvlmi9F,es,"[{'screen_name': 'burn_es', 'name': 'burn espa√±a üî•', 'id': '227327854'}]",['https://bit.ly/3wtyce0'],[],0,2,0,"['ia', 'datascience']",[],https://twitter.com/TheBridge_Tech/status/1527312943397806080,False,,0,,,,,,,,[],,,,
6,1526946552492789760,1526946552492789760,2022-05-18 17:23:22 CEST,2022-05-18,17:23:22,200,1162694149956603904,thebridge_tech,The Bridge,,"Esta es la historia de Isisü§ó que decidi√≥ hacer un cambio en su vida profesional haciendo el #bootcamp de #uxui. Ahora, compagina su trabajo con el de Teacher Assistant en @TheBridge_Tech. El camino es duro pero seguro dar√° sus frutosüë©‚Äçüíª¬°Gracias Isis por compartir tu experiencia!  https://t.co/1UHKZW0UxN",es,"[{'screen_name': 'thebridge_tech', 'name': 'the bridge', 'id': '1162694149956603904'}]",[],[],0,0,0,"['bootcamp', 'uxui']",[],https://twitter.com/TheBridge_Tech/status/1526946552492789760,False,,1,https://pbs.twimg.com/ext_tw_video_thumb/1526945453400633346/pu/img/mjq2XLhJjcAL9w2e.jpg,,,,,,,[],,,,
7,1526886949839065088,1526886949839065088,2022-05-18 13:26:31 CEST,2022-05-18,13:26:31,200,1162694149956603904,thebridge_tech,The Bridge,,Gracias @victorianoI y equipo por el an√°lisis con @graphext de los datos en educaci√≥n y tecnolog√≠a que vimos ayer en la primera charla de #letstalkabouteducation en @TheBridge_Tech y que pudimos debatir con @ikerarceseco Sin duda aprendimos mucho ¬°Volved cuando quer√°is! üßµHilo üìä  https://t.co/wZSVGve1sn,es,"[{'screen_name': 'victorianoi', 'name': 'victoriano izquierdo', 'id': '10977452'}, {'screen_name': 'graphext', 'name': 'graphext', 'id': '2907682397'}, {'screen_name': 'thebridge_tech', 'name': 'the bridge', 'id': '1162694149956603904'}, {'screen_name': 'ikerarceseco', 'name': 'iker arce seco', 'id': '14645579'}]",[],['https://pbs.twimg.com/media/FTCW4SWXwAQcBTt.jpg'],0,0,0,['letstalkabouteducation'],[],https://twitter.com/TheBridge_Tech/status/1526886949839065088,False,https://twitter.com/victorianoi/status/1497844039881793536,1,https://pbs.twimg.com/media/FTCW4SWXwAQcBTt.jpg,,,,,,,[],,,,
8,1526842834741039105,1526842834741039105,2022-05-18 10:31:13 CEST,2022-05-18,10:31:13,200,1336771626306854912,bcasapp,Bcas,,"¬øC√≥mo combatir el paro juvenilü•µ? #tipdeldia En un pa√≠s con una tasa de paro r√©cord, hay que elegir bien d√≥nde y qu√© estudiar.  Si os quer√©is especializar en el sector digital, os animamos a hacerlo con @TheBridge_Tech, que cuenta con un 92% de empleabilidad... ¬°Y CON BECA üëá!  https://t.co/2OBZSnVk7r",es,"[{'screen_name': 'thebridge_tech', 'name': 'the bridge', 'id': '1162694149956603904'}]",[],['https://pbs.twimg.com/media/FTBtJRNWIAIobue.jpg'],1,4,8,['tipdeldia'],[],https://twitter.com/Bcasapp/status/1526842834741039105,False,,1,https://pbs.twimg.com/media/FTBtJRNWIAIobue.jpg,,,,,,,[],,,,
9,1526576722350686208,1526576722350686208,2022-05-17 16:53:47 CEST,2022-05-17,16:53:47,200,1162694149956603904,thebridge_tech,The Bridge,,¬øCon ganas de probar si un empleo tecnol√≥gico es para ti? Ven a los talleres del campus de #Sevilla @ENCamaraSevilla   24 Mayo ‚û°Taller #DataScience  25 Mayo ‚û°Taller #DesarrolloWebFullStack 26 Mayo ‚û°Taller #Ciberseguridad 1 Junio ‚û° Open Day  üéüEntradas  https://t.co/Cp05ZJBqVa  https://t.co/Vyqa1l94hr,es,"[{'screen_name': 'encamarasevilla', 'name': 'escuela de negocios', 'id': '163586106'}]",['https://bit.ly/3LnCo2Q'],"['https://pbs.twimg.com/media/FS95fxLX0AIl-Yt.jpg', 'https://pbs.twimg.com/media/FS95fxOWYAAsaIf.jpg', 'https://pbs.twimg.com/media/FS95fxNWYAE06jA.jpg', 'https://pbs.twimg.com/media/FS95kPdWIAIpllL.jpg']",0,2,2,"['sevilla', 'datascience', 'desarrollowebfullstack', 'ciberseguridad']",[],https://twitter.com/TheBridge_Tech/status/1526576722350686208,False,,1,https://pbs.twimg.com/media/FS95fxLX0AIl-Yt.jpg,,,,,,,[],,,,
10,1526479745185198080,1526479745185198080,2022-05-17 10:28:26 CEST,2022-05-17,10:28:26,200,114739070,pdelapublicidad,Peri√≥dico PublicidAD,,Los perfiles tecnol√≥gicos m√°s demandados en el futuro @TheBridge_Tech  https://t.co/j93jBWSLij,es,"[{'screen_name': 'thebridge_tech', 'name': 'the bridge', 'id': '1162694149956603904'}]",['https://lapublicidad.net/los-perfiles-tecnologicos-mas-demandados-en-el-futuro/'],[],0,2,1,[],[],https://twitter.com/PdelaPublicidad/status/1526479745185198080,False,,0,,,,,,,,[],,,,
11,1526133158743359488,1526133158743359488,2022-05-16 11:31:13 CEST,2022-05-16,11:31:13,200,15993641,arey,Amalio A. Rey,,La 2da presentaci√≥n-coloquio del #LibroIC en #Madrid ser√° el J26Mayo(18:30) en @TheBridge_Tech con T√≠scar Lara (@tiscar) y Mario L√≥pez de √Åvila (@nodosenlared)  +Informaci√≥n e inscripciones:  https://t.co/OVzv1SdR7x ¬°¬°Comp√°rtelo!!,es,"[{'screen_name': 'thebridge_tech', 'name': 'the bridge', 'id': '1162694149956603904'}, {'screen_name': 'tiscar', 'name': 't√≠scar lara', 'id': '4628161'}, {'screen_name': 'nodosenlared', 'name': 'mario lopez de avila', 'id': '41545659'}]",['https://bit.ly/3LLF4IJ'],[],0,4,4,"['libroic', 'madrid']",[],https://twitter.com/arey/status/1526133158743359488,False,,0,,,,,,,,[],,,,
24,1525556372129169411,1525556372129169411,2022-05-14 21:19:17 CEST,2022-05-14,21:19:17,200,50588675,alberto_blanco,Alberto Blanco,,"Sin desmerecer el espect√°culo del 28 de mayo en Paris, el 26 a las 18:30 en Madrid, @arey presenta su #libroIC en @TheBridge_Tech Entradas aqu√≠  https://t.co/4MM6HyxTrf",es,"[{'screen_name': 'arey', 'name': 'amalio a. rey', 'id': '15993641'}, {'screen_name': 'thebridge_tech', 'name': 'the bridge', 'id': '1162694149956603904'}]",['https://www.eventbrite.es/e/entradas-presentacion-el-libro-de-la-inteligencia-colectiva-327930176987?aff=ebdsoporgprofile'],[],0,0,1,['libroic'],[],https://twitter.com/Alberto_Blanco/status/1525556372129169411,False,,0,,,,,,,,[],,,,
25,1525051913317801984,1525051913317801984,2022-05-13 11:54:44 CEST,2022-05-13,11:54:44,200,2907682397,graphext,graphext,,"Next week our CEO @victorianoi will be at @Thebridge_tech with @ikerarceseco to discuss the education sector üéì from a data-driven perspective. Join us online or at Paseo de Recoletos, 15, Madrid, to debate the challenges and opportunities the sector facesüöÄ",en,"[{'screen_name': 'victorianoi', 'name': 'victoriano izquierdo', 'id': '10977452'}, {'screen_name': 'thebridge_tech', 'name': 'the bridge', 'id': '1162694149956603904'}, {'screen_name': 'ikerarceseco', 'name': 'iker arce seco', 'id': '14645579'}]",[],[],0,0,2,[],[],https://twitter.com/graphext/status/1525051913317801984,False,https://twitter.com/TheBridge_Tech/status/1524053162323283968,0,,,,,,,,[],,,,
26,1525047381234003968,1524053162323283968,2022-05-13 11:36:44 CEST,2022-05-13,11:36:44,200,577561266,apedreroes,Alberto Pedrero,,@TheBridge_Tech @ikerarceseco @victorianoi @graphext Hola @TheBridge_Tech. ¬øPor qu√© es obligatorio dar el n√∫mero de tel√©fono para un evento que es en l√≠nea?,es,"[{'screen_name': 'thebridge_tech', 'name': 'the bridge', 'id': '1162694149956603904'}]",[],[],0,0,0,[],[],https://twitter.com/apedreroes/status/1525047381234003968,False,,0,,,,,,,,"[{'screen_name': 'TheBridge_Tech', 'name': 'The Bridge', 'id': '1162694149956603904'}, {'screen_name': 'ikerarceseco', 'name': 'Iker Arce Seco', 'id': '14645579'}, {'screen_name': 'victorianoi', 'name': 'Victoriano Izquierdo', 'id': '10977452'}, {'screen_name': 'graphext', 'name': 'graphext', 'id': '2907682397'}]",,,,
27,1524795347352051712,1524795347352051712,2022-05-12 18:55:14 CEST,2022-05-12,18:55:14,200,1162694149956603904,thebridge_tech,The Bridge,,"Descubre las posibilidades y misterios que oculta el #metaverso con @HavasGroupES üòé Hablaremos de tipos de metaverso, estrategias de onboarding, casos reales... ¬°Promete ser muy interesante! Pr√≥ximo 19 de mayo a las 17.30h. Consigue tus entradas üéü https://t.co/KxeTH2ICpc",es,"[{'screen_name': 'havasgroupes', 'name': 'havas group espa√±a', 'id': '44588740'}]",['https://bit.ly/3L9EHXn'],[],0,0,0,['metaverso'],[],https://twitter.com/TheBridge_Tech/status/1524795347352051712,False,,0,,,,,,,,[],,,,
28,1524738407603310594,1524738407603310594,2022-05-12 15:08:59 CEST,2022-05-12,15:08:59,200,1162694149956603904,thebridge_tech,The Bridge,,"üìªLos #bootcamps son para ""cualquier persona que quiera un empleo tecnol√≥gico de calidad"", como bien explican In√©s Garc√≠a Clariana y @AmparoGalbis1 en ""La Tarde con Marina"" en @999plazaradio. Escucha la entrevista completa de nuestro equipo de #Valenciaüîä https://t.co/7HNlE0vpmO",es,"[{'screen_name': 'amparogalbis1', 'name': 'amparo galbis', 'id': '990906704824012800'}, {'screen_name': '999plazaradio', 'name': '99.9 plaza radio', 'id': '867297773829410816'}]",['https://bit.ly/39bKqi6'],[],0,0,0,"['bootcamps', 'valencia']",[],https://twitter.com/TheBridge_Tech/status/1524738407603310594,False,,0,,,,,,,,[],,,,
29,1524117624174653441,1524117624174653441,2022-05-10 22:02:12 CEST,2022-05-10,22:02:12,200,1162694149956603904,thebridge_tech,The Bridge,,"üëæ El caso #Pegasus, un ejemplo m√°s de #ciberespionaje que pone en relevancia la necesidad de expertos en #ciberseguridad  Te contamos qu√©s es üïµÔ∏è‚Äç‚ôÄÔ∏è y para qu√© fue creado üëá  https://t.co/kyzgkQDZ8N",es,[],['https://bit.ly/3slFaPC'],[],0,0,0,"['pegasus', 'ciberespionaje', 'ciberseguridad']",[],https://twitter.com/TheBridge_Tech/status/1524117624174653441,False,,0,,,,,,,,[],,,,
30,1524053162323283968,1524053162323283968,2022-05-10 17:46:04 CEST,2022-05-10,17:46:04,200,1162694149956603904,thebridge_tech,The Bridge,,¬°‚ÄùLet‚Äôs talk about education‚Äù! Os invitamos a la primera sesi√≥n del nuevo ciclo de conferencias sobre #educaci√≥n @ikerarceseco y @victorianoi debatir√°n sobre los datos en el sector y descubriremos @graphext plataforma de #datascience no code. Entradasüéü  https://t.co/ksTzmzqqLQ,es,"[{'screen_name': 'ikerarceseco', 'name': 'iker arce seco', 'id': '14645579'}, {'screen_name': 'victorianoi', 'name': 'victoriano izquierdo', 'id': '10977452'}, {'screen_name': 'graphext', 'name': 'graphext', 'id': '2907682397'}]",['https://bit.ly/3smHK7R'],[],1,0,1,"['educaci√≥n', 'datascience']",[],https://twitter.com/TheBridge_Tech/status/1524053162323283968,False,,0,,,,,,,,[],,,,
31,1523574457549623296,1523574457549623296,2022-05-09 10:03:51 CEST,2022-05-09,10:03:51,200,1162694149956603904,thebridge_tech,The Bridge,,"¬°Vamos con los talleres de mayo! Este mes tenemos un mont√≥n de #freeevents üë©‚ÄçüíªMetaverso, OSINT, Sistemas de dise√±o UX/UI, un coloquio sobre educaci√≥n ... ¬°No esperes m√°s y saca ya tu entrada! üéü https://t.co/Nlwg6cTDOa  https://t.co/zWjT1I2AER",es,[],['https://bit.ly/38frPl9'],['https://pbs.twimg.com/media/FSTR8NuXIAEvyh5.jpg'],0,0,0,['freeevents'],[],https://twitter.com/TheBridge_Tech/status/1523574457549623296,False,,1,https://pbs.twimg.com/media/FSTR8NuXIAEvyh5.jpg,,,,,,,[],,,,
32,1522231140656066561,1522231140656066561,2022-05-05 17:06:00 CEST,2022-05-05,17:06:00,200,1162694149956603904,thebridge_tech,The Bridge,,üëèüöÄLanzamos una nueva edici√≥n de las #becas Digital Talent Pipeline para cursar un #bootcamp en junio y septiembre ¬øQuieres solicitar la tuya? Plazo hasta el 30 de mayo ¬°Date prisa #digitaltalent! ‚û° https://t.co/PXFR0q85F7  https://t.co/qwiGSm4WOI,es,[],['https://bit.ly/3LRiBKy'],['https://pbs.twimg.com/media/FR_eonJXsAAxox5.jpg'],0,1,0,"['becas', 'bootcamp', 'digitaltalent']",[],https://twitter.com/TheBridge_Tech/status/1522231140656066561,False,,1,https://pbs.twimg.com/media/FR_eonJXsAAxox5.jpg,,,,,,,[],,,,
33,1522114536286920704,1522114536286920704,2022-05-05 09:22:39 CEST,2022-05-05,09:22:39,200,15993641,arey,Amalio A. Rey,,La 2da presentaci√≥n del #LibroIC en #Madrid ser√° el J26Mayo(18:30) en @TheBridge_Tech acompa√±ados por  T√≠scar Lara (@tiscar) y Mario L√≥pez de √Åvila (@nodosenlared) sobre impacto de la #IC en el dise√±o y gesti√≥n de las organizaciones. +Info/inscripciones:  https://t.co/OVzv1SdR7x,es,"[{'screen_name': 'thebridge_tech', 'name': 'the bridge', 'id': '1162694149956603904'}, {'screen_name': 'tiscar', 'name': 't√≠scar lara', 'id': '4628161'}, {'screen_name': 'nodosenlared', 'name': 'mario lopez de avila', 'id': '41545659'}]",['https://bit.ly/3LLF4IJ'],[],0,2,4,"['libroic', 'madrid', 'ic']",[],https://twitter.com/arey/status/1522114536286920704,False,,0,,,,,,,,[],,,,
34,1521871017714589699,1521871017714589699,2022-05-04 17:15:00 CEST,2022-05-04,17:15:00,200,1162694149956603904,thebridge_tech,The Bridge,,"ü§©¬øQuieres conocer el talento digital que llevas dentro? ¬°Ven a nuestro Open Day y desc√∫brelo!   üìÖViernes 20 de mayo 11.15h en Paseo de Recoletos 15, Madrid.  üéüSaca tus entradasüëáüëá https://t.co/qq3WqsydKv",es,[],['https://bit.ly/3OXq0tr'],[],0,0,0,[],[],https://twitter.com/TheBridge_Tech/status/1521871017714589699,False,,0,,,,,,,,[],,,,
35,1519712433740386308,1519712433740386308,2022-04-28 18:17:33 CEST,2022-04-28,18:17:33,200,2979740235,spaingeneration,Generation Spain,,"¬°Gracias a todos por el d√≠a de hoy! üòçüòç  De la mano de: @AccentureSpain , Bonus Studios, @Making_Science_ @SomosMiogroup , Silicon HR , y @TheBridge_Tech hemos podido acercar el futuro talento digital hacia el mundo laboral üîù üîù   #talent #empresas #marketing #BeGeneration  https://t.co/wLbzhtXb94",es,"[{'screen_name': 'accenturespain', 'name': 'accenture espa√±a', 'id': '109316621'}, {'screen_name': 'making_science_', 'name': 'making science', 'id': '106118689'}, {'screen_name': 'somosmiogroup', 'name': 'somosmiogroup', 'id': '1379803017315299329'}, {'screen_name': 'thebridge_tech', 'name': 'the bridge', 'id': '1162694149956603904'}]",[],"['https://pbs.twimg.com/media/FRcaM5IWUAEt9j9.jpg', 'https://pbs.twimg.com/media/FRcaM5KXMAIL-Jz.jpg', 'https://pbs.twimg.com/media/FRcaM5IWYAE9fOQ.jpg', 'https://pbs.twimg.com/media/FRcaM6PXMAEERnK.jpg']",0,0,1,"['talent', 'empresas', 'marketing', 'begeneration']",[],https://twitter.com/spaingeneration/status/1519712433740386308,False,,1,https://pbs.twimg.com/media/FRcaM5IWUAEt9j9.jpg,,,,,,,[],,,,
36,1519706866703638529,1519706866703638529,2022-04-28 17:55:26 CEST,2022-04-28,17:55:26,200,3294953441,jm_torralba_,Jose Maria Torralba,,En breve empezamos la charla sobre RV y Psicolog√≠a! Todo ready! @TheBridge_Tech  https://t.co/lW3fvKhcGZ,es,"[{'screen_name': 'thebridge_tech', 'name': 'the bridge', 'id': '1162694149956603904'}]",[],['https://pbs.twimg.com/media/FRcVVWfXwAE5PER.jpg'],0,1,15,[],[],https://twitter.com/JM_Torralba_/status/1519706866703638529,False,,1,https://pbs.twimg.com/media/FRcVVWfXwAE5PER.jpg,,,,,,,[],,,,
37,1519432213061943303,1519432213061943303,2022-04-27 23:44:03 CEST,2022-04-27,23:44:03,200,3294953441,jm_torralba_,Jose Maria Torralba,,Ma√±ana estar√© junto a @LucaMefisto en una mesa redonda en @TheBridge_Tech donde hablaremos de la relaci√≥n que hay entre #psicologia y la #realidadvirtual. Pinta interesante!!‚Ä¶,es,"[{'screen_name': 'lucamefisto', 'name': 'luca mefisto', 'id': '301371727'}, {'screen_name': 'thebridge_tech', 'name': 'the bridge', 'id': '1162694149956603904'}]",[],[],0,1,6,"['psicologia', 'realidadvirtual']",[],https://twitter.com/JM_Torralba_/status/1519432213061943303,False,https://twitter.com/TheBridge_Tech/status/1517147713254526978,0,,,,,,,,[],,,,
38,1519359124219338752,1519359124219338752,2022-04-27 18:53:38 CEST,2022-04-27,18:53:38,200,604485175,bertinha84,Berta Otero,,"Acabo de escuchar la charla de @kairos_ds en @TheBridge_Tech. Ahora que todo lo que tengo que aprender me abruma. Escuchar que si llego a la meta, me esperar√° una empresa as√≠ (ojal√°), un equipo en el que se respire ese buen rollo y amor por el trabajo, me da fuerza para pelear",es,"[{'screen_name': 'kairos_ds', 'name': 'kair√≥s ds', 'id': '4295874994'}, {'screen_name': 'thebridge_tech', 'name': 'the bridge', 'id': '1162694149956603904'}]",[],[],0,0,8,[],[],https://twitter.com/bertinha84/status/1519359124219338752,False,,0,,,,,,,,[],,,,
39,1519338659111178242,1519338364687765505,2022-04-27 17:32:18 CEST,2022-04-27,17:32:18,200,53089020,gabinha,Gabi√±a,,@pmdr_1189 @TheBridge_Tech Lamentablemente,es,[],[],[],0,0,1,[],[],https://twitter.com/gabinha/status/1519338659111178242,False,,0,,,,,,,,"[{'screen_name': 'pmdr_1189', 'name': 'Paola D.', 'id': '35662075'}, {'screen_name': 'TheBridge_Tech', 'name': 'The Bridge', 'id': '1162694149956603904'}]",,,,
40,1519225678335459328,1519225678335459328,2022-04-27 10:03:22 CEST,2022-04-27,10:03:22,200,431035304,irnmm,Irene M Morgado üåø,,Esto es hoy!  Nos vemos en @TheBridge_Tech con @quierodata para hablar de crecimiento dentro de @kairos_ds üß°,es,"[{'screen_name': 'thebridge_tech', 'name': 'the bridge', 'id': '1162694149956603904'}, {'screen_name': 'quierodata', 'name': 'in√©s huertas', 'id': '827646604509315072'}, {'screen_name': 'kairos_ds', 'name': 'kair√≥s ds', 'id': '4295874994'}]",[],[],0,1,5,[],[],https://twitter.com/IrnMM/status/1519225678335459328,False,https://twitter.com/kairos_ds/status/1518967719516909568,0,,,,,,,,[],,,,
41,1519208638136602626,1518909298688077825,2022-04-27 08:55:39 CEST,2022-04-27,08:55:39,200,1162694149956603904,thebridge_tech,The Bridge,,@burn_es Prueba de ello üì∏üî•  https://t.co/7SWL2ionj3,es,[],[],"['https://pbs.twimg.com/media/FRVQIZ_XIAA04f9.jpg', 'https://pbs.twimg.com/media/FRVQKXEXoAALeMO.jpg']",0,1,2,[],[],https://twitter.com/TheBridge_Tech/status/1519208638136602626,False,,1,https://pbs.twimg.com/media/FRVQIZ_XIAA04f9.jpg,,,,,,,"[{'screen_name': 'burn_es', 'name': 'BURN Espa√±a üî•', 'id': '227327854'}]",,,,
42,1518967719516909568,1518967719516909568,2022-04-26 16:58:20 CEST,2022-04-26,16:58:20,200,4295874994,kairos_ds,Kair√≥s DS,,"Nuestra Head de Data &amp; IA @quierodata, estar√° ma√±ana en las oficinas de @TheBridge_Tech, para hablar de las oportunidades de crecimiento profesional dentro de Kair√≥s DS.ü§©   @IrnMM la acompa√±ar√° resolviendo cualquier duda sobre Kair√≥s DS‚Ä¶   ¬øTe veremos all√≠?üß°  #OrgulloKair√≥s  https://t.co/0hUC9XkPxF",es,"[{'screen_name': 'quierodata', 'name': 'in√©s huertas', 'id': '827646604509315072'}, {'screen_name': 'thebridge_tech', 'name': 'the bridge', 'id': '1162694149956603904'}, {'screen_name': 'irnmm', 'name': 'irene m morgado üåø', 'id': '431035304'}]",[],['https://pbs.twimg.com/media/FRR1Dd1X0AIxP0K.png'],0,5,7,['orgullokair√≥s'],[],https://twitter.com/kairos_ds/status/1518967719516909568,False,,1,https://pbs.twimg.com/media/FRR1Dd1X0AIxP0K.png,,,,,,,[],,,,
43,1518963397701906433,1518963397701906433,2022-04-26 16:41:09 CEST,2022-04-26,16:41:09,200,535255114,berrocalruben,Rub√©n Berrocal,,"Los compa√±eros de @TheBridge_Tech nos hablan de #softskills en IT, en #devspega junto a @flyncercom  El valor diferencial de todo profesional.  https://t.co/0On5h6N9hR",es,"[{'screen_name': 'thebridge_tech', 'name': 'the bridge', 'id': '1162694149956603904'}, {'screen_name': 'flyncercom', 'name': 'flyncer', 'id': '1379439155806150656'}]",[],['https://pbs.twimg.com/tweet_video_thumb/FRRxHllXIAU5uBV.jpg'],0,0,0,"['softskills', 'devspega']",[],https://twitter.com/BerrocalRuben/status/1518963397701906433,False,,1,https://pbs.twimg.com/tweet_video_thumb/FRRxHllXIAU5uBV.jpg,,,,,,,[],,,,
44,1518910838987501570,1518910838987501570,2022-04-26 13:12:18 CEST,2022-04-26,13:12:18,200,1978768458,cogitivalencia,COGITI Valencia,,#ESTAPASANDO Talento y competencias digitales #SP22 In√©s Garcia @TheBridge_Tech Enric Montesa @COEV_COM Leticia Gonzalvez Directora marketing @sesamehr_ La competencia digital demandada en las empresas no son las b√°sicas que todos tenemos.  https://t.co/orPM5iTbPE,es,"[{'screen_name': 'thebridge_tech', 'name': 'the bridge', 'id': '1162694149956603904'}, {'screen_name': 'coev_com', 'name': 'economistas valencia', 'id': '864474346022199298'}, {'screen_name': 'sesamehr_', 'name': 'sesame hr', 'id': '3195111599'}]",[],['https://pbs.twimg.com/media/FRRBO19WUAEmO4F.jpg'],1,0,3,"['estapasando', 'sp22']",[],https://twitter.com/COGITIValencia/status/1518910838987501570,False,,1,https://pbs.twimg.com/media/FRRBO19WUAEmO4F.jpg,,,,,,,[],,,,
45,1518909298688077825,1518909298688077825,2022-04-26 13:06:11 CEST,2022-04-26,13:06:11,200,227327854,burn_es,BURN Espa√±a üî•,,Tenemos que decir que el BURN Mondays de ayer con @TheBridge_Tech fue muy top! üîù‚Äã‚ù§Ô∏è‚Äçüî•,es,"[{'screen_name': 'thebridge_tech', 'name': 'the bridge', 'id': '1162694149956603904'}]",[],[],1,1,3,[],[],https://twitter.com/burn_es/status/1518909298688077825,False,,0,,,,,,,,[],,,,
46,1518607234976161792,1518607234976161792,2022-04-25 17:05:53 CEST,2022-04-25,17:05:53,200,1162694149956603904,thebridge_tech,The Bridge,,"Este jueves Job Market Place en @TheBridge_Tech con @spaingeneration La feria de empleo con el mejor talento de #marketingdigital @AccentureSpain, @Siliconhr1, ... participar√°n en busca del mejor talento. Si eres empresa y quieres participar üëâ https://t.co/0n4iufzfmi  https://t.co/A51YStbfjF",es,"[{'screen_name': 'thebridge_tech', 'name': 'the bridge', 'id': '1162694149956603904'}, {'screen_name': 'spaingeneration', 'name': 'generation spain', 'id': '2979740235'}, {'screen_name': 'accenturespain', 'name': 'accenture espa√±a', 'id': '109316621'}, {'screen_name': 'siliconhr1', 'name': 'siliconhr', 'id': '856519578238758912'}]",['https://bit.ly/3kbyBdT'],['https://pbs.twimg.com/media/FRMtN3mWQAMmetO.jpg'],0,0,0,['marketingdigital'],[],https://twitter.com/TheBridge_Tech/status/1518607234976161792,False,,1,https://pbs.twimg.com/media/FRMtN3mWQAMmetO.jpg,,,,,,,[],,,,
47,1518529871969988608,1518529871969988608,2022-04-25 11:58:29 CEST,2022-04-25,11:58:29,200,1162694149956603904,thebridge_tech,The Bridge,,"""Necesitaba formaci√≥n t√©cnica para potenciar mi empleabilidad"", cuenta nuestra alumni Clara Bay√≥n a @el_pais üóûTras hacer el #bootcamp en #ciberseguridad ahora trabaja en @DeloitteDE Check it out! üëâ https://t.co/XGIPZfmtx6  https://t.co/7jrVa74qTG",es,"[{'screen_name': 'el_pais', 'name': 'el pa√≠s', 'id': '7996082'}, {'screen_name': 'deloittede', 'name': 'deloitte deutschland', 'id': '50973515'}]",['https://bit.ly/3kaqzCc'],['https://pbs.twimg.com/media/FRLlBz7XEAAHC_B.jpg'],0,0,0,"['bootcamp', 'ciberseguridad']",[],https://twitter.com/TheBridge_Tech/status/1518529871969988608,False,,1,https://pbs.twimg.com/media/FRLlBz7XEAAHC_B.jpg,,,,,,,[],,,,
48,1517423870483042304,1517423870483042304,2022-04-22 10:43:37 CEST,2022-04-22,10:43:37,200,734674933217931265,mujeresaseguir,Mujeres a Seguir,,Mercedes Mac Pherson @Globant : 'Hay un desconocimiento grande del poder de transformaci√≥n de la tecnolog√≠a' #mujerytecnolog√≠a @TheBridge_Tech  https://t.co/OFDlmziC1y,es,"[{'screen_name': 'globant', 'name': 'globant', 'id': '23430560'}, {'screen_name': 'thebridge_tech', 'name': 'the bridge', 'id': '1162694149956603904'}]",[],['https://pbs.twimg.com/media/FQ7497pX0AAcf_v.jpg'],0,0,2,['mujerytecnolog√≠a'],[],https://twitter.com/MujeresaSeguir/status/1517423870483042304,False,,1,https://pbs.twimg.com/media/FQ7497pX0AAcf_v.jpg,,,,,,,[],,,,
49,1517421295373271041,1517421295373271041,2022-04-22 10:33:23 CEST,2022-04-22,10:33:23,200,734674933217931265,mujeresaseguir,Mujeres a Seguir,,Sara G√≥mez @RainG 'La sociedad no sabe lo que hacemos los ingenieros y los tecn√≥logos' #mujerytecnolog√≠a @TheBridge_Tech @Globant  https://t.co/lYFyIZuW3J,es,"[{'screen_name': 'raing', 'name': 'richard', 'id': '23035924'}, {'screen_name': 'thebridge_tech', 'name': 'the bridge', 'id': '1162694149956603904'}, {'screen_name': 'globant', 'name': 'globant', 'id': '23430560'}]",[],['https://pbs.twimg.com/media/FQ72oBuXsAMJ7sc.jpg'],0,1,5,['mujerytecnolog√≠a'],[],https://twitter.com/MujeresaSeguir/status/1517421295373271041,False,,1,https://pbs.twimg.com/media/FQ72oBuXsAMJ7sc.jpg,,,,,,,[],,,,
50,1517420242120683520,1517420242120683520,2022-04-22 10:29:12 CEST,2022-04-22,10:29:12,200,734674933217931265,mujeresaseguir,Mujeres a Seguir,,Comienza nuestra segunda mesa 'C√≥mo construir un futuro que nos representa'. Aqu√≠ te dejamos el enlace para seguirnos en streaming  https://t.co/ABQkBBLKmT #mujerytecnolog√≠a @Globant @TheBridge_Tech  https://t.co/kApsKZ04SD,es,"[{'screen_name': 'globant', 'name': 'globant', 'id': '23430560'}, {'screen_name': 'thebridge_tech', 'name': 'the bridge', 'id': '1162694149956603904'}]",['https://m.youtube.com/watch?v=zeksSxseb6M'],['https://pbs.twimg.com/media/FQ71qxmXEAI6TPq.jpg'],0,0,2,['mujerytecnolog√≠a'],[],https://twitter.com/MujeresaSeguir/status/1517420242120683520,False,,1,https://pbs.twimg.com/media/FQ71qxmXEAI6TPq.jpg,,,,,,,[],,,,
51,1517419666938998784,1517419666938998784,2022-04-22 10:26:55 CEST,2022-04-22,10:26:55,200,734674933217931265,mujeresaseguir,Mujeres a Seguir,,"Carmen Artigas, secretaria de Estado de Digitalizaci√≥n e Inteligencia Artificial de Asuntos Econ√≥micos y Transformaci√≥n Digital: 'Es nuestro momento. El momento de las mujeres' #mujerytecnolog√≠a @Globant @TheBridge_Tech  https://t.co/gLjyCQPBRH",es,"[{'screen_name': 'globant', 'name': 'globant', 'id': '23430560'}, {'screen_name': 'thebridge_tech', 'name': 'the bridge', 'id': '1162694149956603904'}]",[],['https://pbs.twimg.com/media/FQ71JQBXMAA9IMc.jpg'],0,3,5,['mujerytecnolog√≠a'],[],https://twitter.com/MujeresaSeguir/status/1517419666938998784,False,,1,https://pbs.twimg.com/media/FQ71JQBXMAA9IMc.jpg,,,,,,,[],,,,
52,1517418437777240065,1517418437777240065,2022-04-22 10:22:02 CEST,2022-04-22,10:22:02,200,734674933217931265,mujeresaseguir,Mujeres a Seguir,,"'Nunca se progresa desde el miedo. Hay que arriesgarse disfrutando', Irene Cano @Meta #mujerytecnolog√≠a @TheBridge_Tech @Globant  https://t.co/yaoUnWJIs6",es,"[{'screen_name': 'meta', 'name': 'meta', 'id': '2425151'}, {'screen_name': 'thebridge_tech', 'name': 'the bridge', 'id': '1162694149956603904'}, {'screen_name': 'globant', 'name': 'globant', 'id': '23430560'}]",[],['https://pbs.twimg.com/media/FQ70BvCXsAABM-r.jpg'],0,1,4,['mujerytecnolog√≠a'],[],https://twitter.com/MujeresaSeguir/status/1517418437777240065,False,,1,https://pbs.twimg.com/media/FQ70BvCXsAABM-r.jpg,,,,,,,[],,,,
53,1517417898133884928,1517417898133884928,2022-04-22 10:19:53 CEST,2022-04-22,10:19:53,200,734674933217931265,mujeresaseguir,Mujeres a Seguir,,'Hay que tener una apertura de mente en los modelos educativos' Mar√≠a Rotondo @Telefonica  Aqu√≠ te dejamos el enlace para seguirnos en streaming  https://t.co/ABQkBBLKmT #mujerytecnolog√≠a @Globant @TheBridge_Tech  https://t.co/dB8tF3prJv,es,"[{'screen_name': 'telefonica', 'name': 'telef√≥nica', 'id': '61744008'}, {'screen_name': 'globant', 'name': 'globant', 'id': '23430560'}, {'screen_name': 'thebridge_tech', 'name': 'the bridge', 'id': '1162694149956603904'}]",['https://m.youtube.com/watch?v=zeksSxseb6M'],['https://pbs.twimg.com/media/FQ7ziUMWUAEqUqB.jpg'],0,0,2,['mujerytecnolog√≠a'],[],https://twitter.com/MujeresaSeguir/status/1517417898133884928,False,,1,https://pbs.twimg.com/media/FQ7ziUMWUAEqUqB.jpg,,,,,,,[],,,,
54,1517409914792075264,1517409914792075264,2022-04-22 09:48:10 CEST,2022-04-22,09:48:10,200,734674933217931265,mujeresaseguir,Mujeres a Seguir,,"A d√≠a de hoy, el 41 % de las  investigaciones p√∫blicas las hacen mujeres. Descubre m√°s datos en numerosas jornada @TheBridge_Tech #mujerytecnolog√≠a   https://t.co/bNRyoB4h6y  https://t.co/ZBQ4299zQW",es,"[{'screen_name': 'thebridge_tech', 'name': 'the bridge', 'id': '1162694149956603904'}]",['https://youtu.be/nU8POCkzlEQ'],['https://pbs.twimg.com/media/FQ7sRlAX0AUGm8X.jpg'],0,0,0,['mujerytecnolog√≠a'],[],https://twitter.com/MujeresaSeguir/status/1517409914792075264,False,,1,https://pbs.twimg.com/media/FQ7sRlAX0AUGm8X.jpg,,,,,,,[],,,,
55,1517396691443490816,1517047155030114304,2022-04-22 08:55:37 CEST,2022-04-22,08:55:37,200,15942584,capgemini_es,capgemini_es,,@MujeresaSeguir @Globant @TheBridge_Tech Qu√© gran panel!,es,[],[],[],0,0,0,[],[],https://twitter.com/Capgemini_ES/status/1517396691443490816,False,,0,,,,,,,,"[{'screen_name': 'MujeresaSeguir', 'name': 'Mujeres a Seguir', 'id': '734674933217931265'}, {'screen_name': 'Globant', 'name': 'Globant', 'id': '23430560'}, {'screen_name': 'TheBridge_Tech', 'name': 'The Bridge', 'id': '1162694149956603904'}]",,,,
56,1517147713254526978,1517147713254526978,2022-04-21 16:26:16 CEST,2022-04-21,16:26:16,200,1162694149956603904,thebridge_tech,The Bridge,,"¬øUnimos #psicolog√≠a, dise√±o #uxui y #realidadvirtual? La respuesta: S√ç! Te invitamos a la mesa redonda del 28 de abril en @TheBridge_Tech donde trataremos el dise√±o ux desde el punto de vista del tratamiento de las fobias a trav√©s de la #vr. Entradas üëâ https://t.co/JGOpD7p2rO",es,"[{'screen_name': 'thebridge_tech', 'name': 'the bridge', 'id': '1162694149956603904'}]",['https://bit.ly/3MknP11'],[],0,0,0,"['psicolog√≠a', 'uxui', 'realidadvirtual', 'vr']",[],https://twitter.com/TheBridge_Tech/status/1517147713254526978,False,,0,,,,,,,,[],,,,
57,1517121644682256385,1517047155030114304,2022-04-21 14:42:41 CEST,2022-04-21,14:42:41,200,1360217897008791554,gemmarbar,Gemma R.B.,,@MujeresaSeguir @Globant @TheBridge_Tech Apuntado en la agenda üëå,es,[],[],[],0,0,0,[],[],https://twitter.com/GemmaRBar/status/1517121644682256385,False,,0,,,,,,,,"[{'screen_name': 'MujeresaSeguir', 'name': 'Mujeres a Seguir', 'id': '734674933217931265'}, {'screen_name': 'Globant', 'name': 'Globant', 'id': '23430560'}, {'screen_name': 'TheBridge_Tech', 'name': 'The Bridge', 'id': '1162694149956603904'}]",,,,
58,1517111329374543873,1517111329374543873,2022-04-21 14:01:42 CEST,2022-04-21,14:01:42,200,1162694149956603904,thebridge_tech,The Bridge,,¬°Gracias a vosotros!,es,[],[],[],0,0,1,[],[],https://twitter.com/TheBridge_Tech/status/1517111329374543873,False,https://twitter.com/itep_es/status/1517103356346617856,0,,,,,,,,[],,,,
59,1517103356346617856,1517103356346617856,2022-04-21 13:30:01 CEST,2022-04-21,13:30:01,200,220072811,itep_es,ITEP Formaci√≥n,,"üì¢Como ya sab√©is, antes de #SemanaSanta, nuestro alumnado de la #FPinform√°ticaüíª visitaron @TheBridge_Tech. Gracias a su trato hacia #ITEPüîµ y su colaboraci√≥n os ofrecemos nuevas im√°genes de esa actividad‚ÄºÔ∏è En ellas queda patente el inter√©s de la cita üëåüèª  https://t.co/nt0LFYitDB",es,"[{'screen_name': 'thebridge_tech', 'name': 'the bridge', 'id': '1162694149956603904'}]",[],"['https://pbs.twimg.com/media/FQyFBGhWUAER-Sx.jpg', 'https://pbs.twimg.com/media/FQyFCgQXwAIi7dl.jpg', 'https://pbs.twimg.com/media/FQyFIAyWQAEN-Tw.jpg', 'https://pbs.twimg.com/media/FQyFUL8X0AAcdwL.jpg']",0,1,4,"['semanasanta', 'fpinform√°tica', 'itep']",[],https://twitter.com/itep_es/status/1517103356346617856,False,,1,https://pbs.twimg.com/media/FQyFBGhWUAER-Sx.jpg,,,,,,,[],,,,
60,1516740060346929153,1516687246241550337,2022-04-20 13:26:24 CEST,2022-04-20,13:26:24,200,91124440,mrentem,Ma√Ø R. Entem üë©‚Äçüíªüá™üá¶üá®üáµüá™üá∫üá∏üá¨üåçüö£‚Äç‚ôÄÔ∏è,,@TheBridge_Tech Otro de los placeres de haber pasado unos meses en esas aulas!! üòâüë©üèª‚Äçüíª,es,[],[],[],0,0,1,[],[],https://twitter.com/mrentem/status/1516740060346929153,False,,0,,,,,,,,"[{'screen_name': 'TheBridge_Tech', 'name': 'The Bridge', 'id': '1162694149956603904'}]",,,,
61,1516687246241550337,1516687246241550337,2022-04-20 09:56:32 CEST,2022-04-20,09:56:32,200,1162694149956603904,thebridge_tech,The Bridge,,"¬°Qu√© bonito es nuestro palacio! üòç Todo un privilegio para alumnos, profes y staff poder disfrutar de este espacio en pleno centro de Madrid.",es,[],[],[],1,0,3,[],[],https://twitter.com/TheBridge_Tech/status/1516687246241550337,False,https://twitter.com/alicesilverpol/status/1516642096660287489,0,,,,,,,,[],,,,
62,1516642121729679362,1516642096660287489,2022-04-20 06:57:14 CEST,2022-04-20,06:57:14,200,67597387,alicesilverpol,Alice Silver üè≥Ô∏è‚Äçüåà,,"Actualmente acoge las oficinas de The Bridge, una aceleradora de talento digital üì∑ @TheBridge_Tech  https://t.co/xgWzxnqdOI",es,"[{'screen_name': 'thebridge_tech', 'name': 'the bridge', 'id': '1162694149956603904'}]",[],['https://pbs.twimg.com/media/FQwxyUqXMAAtBW0.jpg'],1,0,8,[],[],https://twitter.com/alicesilverpol/status/1516642121729679362,False,,1,https://pbs.twimg.com/media/FQwxyUqXMAAtBW0.jpg,,,,,,,[],,,,
63,1516505700595388430,1515933948001632256,2022-04-19 21:55:08 CEST,2022-04-19,21:55:08,200,16512007,jmnavarro,JM,,@bertinha84 @TheBridge_Tech üëèüèªüëèüèªüëèüèª  üôåüèª,und,[],[],[],0,0,1,[],[],https://twitter.com/jmnavarro/status/1516505700595388430,False,,0,,,,,,,,"[{'screen_name': 'bertinha84', 'name': 'Berta Otero', 'id': '604485175'}, {'screen_name': 'TheBridge_Tech', 'name': 'The Bridge', 'id': '1162694149956603904'}]",,,,
64,1516440085486575617,1516440085486575617,2022-04-19 17:34:25 CEST,2022-04-19,17:34:25,200,1162694149956603904,thebridge_tech,The Bridge,,"‚ñ∂Os presentamos a Jes√∫s, alumni reci√©n graduado del #bootcamp de #digitalmarketingops que tras acabar la carrera se lanz√≥ en busca de una especializaci√≥n en #MarketingDigital ¬°Gracias Jes√∫s por compartir tu experiencia y mucha suerte! üöÄ M√°s info üëâ https://t.co/GtnhQmDsGP  https://t.co/4VV7VDyjjP",es,[],['https://bit.ly/3KWFwDL'],[],0,0,1,"['bootcamp', 'digitalmarketingops', 'marketingdigital']",[],https://twitter.com/TheBridge_Tech/status/1516440085486575617,False,,1,https://pbs.twimg.com/ext_tw_video_thumb/1516438231889416203/pu/img/IoizkjBgT3P7Dp-r.jpg,,,,,,,[],,,,
65,1516070347854028804,1515933948001632256,2022-04-18 17:05:12 CEST,2022-04-18,17:05:12,200,604485175,bertinha84,Berta Otero,,@AndreaMaganRey @TheBridge_Tech  https://t.co/fpGUkYnGX4,und,[],[],['https://pbs.twimg.com/tweet_video_thumb/FQop8PpXwAU4AZs.jpg'],0,0,1,[],[],https://twitter.com/bertinha84/status/1516070347854028804,False,,1,https://pbs.twimg.com/tweet_video_thumb/FQop8PpXwAU4AZs.jpg,,,,,,,"[{'screen_name': 'AndreaMaganRey', 'name': 'Andrea', 'id': '397537147'}]",,,,
66,1516067228344533003,1515933948001632256,2022-04-18 16:52:49 CEST,2022-04-18,16:52:49,200,397537147,andreamaganrey,Andrea,,@bertinha84 @TheBridge_Tech A por ello @bertinha84  https://t.co/tz445Lv3mV,es,"[{'screen_name': 'bertinha84', 'name': 'berta otero', 'id': '604485175'}]",[],['https://pbs.twimg.com/tweet_video_thumb/FQonG4PX0AMFFPo.jpg'],1,0,1,[],[],https://twitter.com/AndreaMaganRey/status/1516067228344533003,False,,1,https://pbs.twimg.com/tweet_video_thumb/FQonG4PX0AMFFPo.jpg,,,,,,,"[{'screen_name': 'bertinha84', 'name': 'Berta Otero', 'id': '604485175'}, {'screen_name': 'TheBridge_Tech', 'name': 'The Bridge', 'id': '1162694149956603904'}]",,,,
67,1516048336477995008,1515933948001632256,2022-04-18 15:37:44 CEST,2022-04-18,15:37:44,200,604485175,bertinha84,Berta Otero,,@alinnfm @TheBridge_Tech  https://t.co/0IWmJ42wab,und,[],[],['https://pbs.twimg.com/tweet_video_thumb/FQoV62hXMAUl9nw.jpg'],0,0,0,[],[],https://twitter.com/bertinha84/status/1516048336477995008,False,,1,https://pbs.twimg.com/tweet_video_thumb/FQoV62hXMAUl9nw.jpg,,,,,,,"[{'screen_name': 'alinnfm', 'name': 'ali', 'id': '3063927221'}]",,,,
68,1516044530348347394,1515933948001632256,2022-04-18 15:22:37 CEST,2022-04-18,15:22:37,200,3063927221,alinnfm,ali,,@bertinha84 @TheBridge_Tech ¬°¬°Que emoci√≥n!! ü§ó Todo lo bueno del mundo para ti en esta etapa üèÜ,es,[],[],[],1,0,1,[],[],https://twitter.com/alinnfm/status/1516044530348347394,False,,0,,,,,,,,"[{'screen_name': 'bertinha84', 'name': 'Berta Otero', 'id': '604485175'}, {'screen_name': 'TheBridge_Tech', 'name': 'The Bridge', 'id': '1162694149956603904'}]",,,,
69,1515970019733258247,1515933948001632256,2022-04-18 10:26:32 CEST,2022-04-18,10:26:32,200,1162694149956603904,thebridge_tech,The Bridge,,@bertinha84 Ese nudo es presagio de algo bueno üòÜ¬°Bienvenida a @TheBridge_Tech ! Muchas horas de #UXUI te esperan üôå ¬°sin miedo!,es,"[{'screen_name': 'thebridge_tech', 'name': 'the bridge', 'id': '1162694149956603904'}]",[],[],0,0,1,['uxui'],[],https://twitter.com/TheBridge_Tech/status/1515970019733258247,False,,0,,,,,,,,"[{'screen_name': 'bertinha84', 'name': 'Berta Otero', 'id': '604485175'}]",,,,
70,1515945939508375556,1515933948001632256,2022-04-18 08:50:51 CEST,2022-04-18,08:50:51,200,604485175,bertinha84,Berta Otero,,"@marcosDLCS @TheBridge_Tech Lo har√©, gracias Marcos üôÇ",es,[],[],[],0,0,0,[],[],https://twitter.com/bertinha84/status/1515945939508375556,False,,0,,,,,,,,"[{'screen_name': 'marcosDLCS', 'name': 'Marcos de la Calle', 'id': '147003255'}, {'screen_name': 'TheBridge_Tech', 'name': 'The Bridge', 'id': '1162694149956603904'}]",,,,
71,1515944204127645701,1515933948001632256,2022-04-18 08:43:57 CEST,2022-04-18,08:43:57,200,147003255,marcosdlcs,Marcos de la Calle,,@bertinha84 @TheBridge_Tech Mucha suerte en la nueva aventura.  ¬°No olvides compartir tu camino y tus experiencias!   Seguro que son de utilidad para la comunidad.  üí™,es,[],[],[],1,0,1,[],[],https://twitter.com/marcosDLCS/status/1515944204127645701,False,,0,,,,,,,,"[{'screen_name': 'bertinha84', 'name': 'Berti√±a', 'id': '604485175'}, {'screen_name': 'TheBridge_Tech', 'name': 'The Bridge', 'id': '1162694149956603904'}]",,,,
72,1515933948001632256,1515933948001632256,2022-04-18 08:03:12 CEST,2022-04-18,08:03:12,200,604485175,bertinha84,Berta Otero,,Hoy empiezo en un ratito mi camino en el Ux/ui de la mano de @TheBridge_Tech en su bootcamp. Tengo un nudo enorme en el est√≥mago y todas las ganas de aprender. A por todas voy!,es,"[{'screen_name': 'thebridge_tech', 'name': 'the bridge', 'id': '1162694149956603904'}]",[],[],5,1,6,[],[],https://twitter.com/bertinha84/status/1515933948001632256,False,,0,,,,,,,,[],,,,
73,1513867656180477953,1513848279603290113,2022-04-12 15:12:30 CEST,2022-04-12,15:12:30,200,1026530062923968513,codenotchmad,Codenotch,,@manufosela @Adalab_Digital @4GeeksAcademyES @socratech_ @TheBridge_Tech @ITAcademy @nebulova_es Muy orgullosos de nuestros Top Notch CodersüöÄ Mucho √°nimo a esa 6¬™ #GeneracionK  de  @kairos_ds con todo lo nuevoüëè,es,"[{'screen_name': 'kairos_ds', 'name': 'kair√≥s ds', 'id': '4295874994'}]",[],[],0,0,0,['generacionk'],[],https://twitter.com/CodenotchMAD/status/1513867656180477953,False,,0,,,,,,,,"[{'screen_name': 'manufosela', 'name': 'M√°nu Fosela', 'id': '1609031'}, {'screen_name': 'Adalab_Digital', 'name': 'Adalab', 'id': '761153947990097920'}, {'screen_name': '4GeeksAcademyES', 'name': '4Geeks Academy üá™üá¶', 'id': '1190573036346449920'}, {'screen_name': 'socratech_', 'name': 'SocraTech', 'id': '1402895787735011329'}, {'screen_name': 'TheBridge_Tech', 'name': 'The Bridge', 'id': '1162694149956603904'}, {'screen_name': 'ITAcademy', 'name': 'ITAcademy', 'id': '37276781'}, {'screen_name': 'nebulova_es', 'name': 'nebulova', 'id': '1137336806008066049'}]",,,,
74,1513848281801056258,1513848279603290113,2022-04-12 13:55:30 CEST,2022-04-12,13:55:30,200,1609031,manufosela,M√°nu Fosela,,"De los 21, hay 7 desarrolladoras de @Adalab_Digital, 4 de @4GeeksAcademyES, 2 de @CodenotchMAD, 1 de @socratech_ , 1 de @TheBridge_Tech, 1 de @ITAcademy, 1 de @nebulova_es y de FP-DAW y autodidactas.",es,"[{'screen_name': 'adalab_digital', 'name': 'adalab', 'id': '761153947990097920'}, {'screen_name': '4geeksacademyes', 'name': '4geeks academy üá™üá¶', 'id': '1190573036346449920'}, {'screen_name': 'codenotchmad', 'name': 'codenotch', 'id': '1026530062923968513'}, {'screen_name': 'socratech_', 'name': 'socratech', 'id': '1402895787735011329'}, {'screen_name': 'thebridge_tech', 'name': 'the bridge', 'id': '1162694149956603904'}, {'screen_name': 'itacademy', 'name': 'itacademy', 'id': '37276781'}, {'screen_name': 'nebulova_es', 'name': 'nebulova', 'id': '1137336806008066049'}]",[],[],3,3,12,[],[],https://twitter.com/manufosela/status/1513848281801056258,False,,0,,,,,,,,[],,,,
75,1513807125205684224,1513807125205684224,2022-04-12 11:11:58 CEST,2022-04-12,11:11:58,200,1162694149956603904,thebridge_tech,The Bridge,,A la vuelta de #SemanaSantaSevilla tocaüëâ #bootcampsüßë‚ÄçüíªEspecial√≠zate en #datascience o #desarrollowebfullstack con nuestros programas en colaboraci√≥n con @ENCamaraSevilla ¬°Estudia en pleno centro de Sevilla! Y en unos meses sal a comerte el sector techüöÄ https://t.co/1MQSzZSqLv  https://t.co/ggtxFWCV72,es,"[{'screen_name': 'encamarasevilla', 'name': 'escuela de negocios', 'id': '163586106'}]",['https://bit.ly/3uvB2y4'],[],0,1,3,"['semanasantasevilla', 'bootcamps', 'datascience', 'desarrollowebfullstack']",[],https://twitter.com/TheBridge_Tech/status/1513807125205684224,False,,1,https://pbs.twimg.com/ext_tw_video_thumb/1513806845248425985/pu/img/Glr0uEE4kb1nOpGD.jpg,,,,,,,[],,,,
76,1513473323589672963,1513473323589672963,2022-04-11 13:05:33 CEST,2022-04-11,13:05:33,200,1162694149956603904,thebridge_tech,The Bridge,,"üìÖEl 25 de abril estrenamos los #BurnMondaysüî•, con la colaboraci√≥n de @burn_es, una oportunidad para que nuestr@s alum@s puedan presentar sus proyectos, hacer un taller... En definitiva, mostrar su talento alüåé ¬°Save the date! ‚û° Entradas  https://t.co/yzVCLHZXVd   #bootcamps  https://t.co/yZuTjBCGIf",es,"[{'screen_name': 'burn_es', 'name': 'burn espa√±a üî•', 'id': '227327854'}]",['https://bit.ly/3LZlWXz'],['https://pbs.twimg.com/media/FQDnOy6XIAMhRQC.jpg'],0,1,0,"['burnmondays', 'bootcamps']",[],https://twitter.com/TheBridge_Tech/status/1513473323589672963,False,,1,https://pbs.twimg.com/media/FQDnOy6XIAMhRQC.jpg,,,,,,,[],,,,
77,1512026991578566657,1512007299187027971,2022-04-07 13:18:21 CEST,2022-04-07,13:18:21,200,1162694149956603904,thebridge_tech,The Bridge,,@burn_es ¬øAlg√∫n que otro? üòù Toda energ√≠a extra es bienvenida y necesaria üîãüî• ¬°Gracias @burn_es! Pronto haremos buen uso de ella...  https://t.co/p0uELS5eIf,es,"[{'screen_name': 'burn_es', 'name': 'burn espa√±a üî•', 'id': '227327854'}]",[],[],0,0,0,[],[],https://twitter.com/TheBridge_Tech/status/1512026991578566657,False,,1,https://pbs.twimg.com/ext_tw_video_thumb/1512026904500609032/pu/img/2XIdAqUBBQ8MH6Ss.jpg,,,,,,,"[{'screen_name': 'burn_es', 'name': 'BURN Espa√±a üî•', 'id': '227327854'}]",,,,
78,1512007299187027971,1512007299187027971,2022-04-07 12:00:06 CEST,2022-04-07,12:00:06,200,227327854,burn_es,BURN Espa√±a üî•,,"Nos han contado que en @TheBridge_Tech se lo curran mucho... Hemos colado alg√∫n que otro BURN, ¬øos viene bien una ayudita de energ√≠a? üîãüî•",es,"[{'screen_name': 'thebridge_tech', 'name': 'the bridge', 'id': '1162694149956603904'}]",[],[],1,1,6,[],[],https://twitter.com/burn_es/status/1512007299187027971,False,,0,,,,,,,,[],,,,
79,1511970979324518406,1511970979324518406,2022-04-07 09:35:47 CEST,2022-04-07,09:35:47,200,1162694149956603904,thebridge_tech,The Bridge,,En dos semanas empezamos los bootcamps Part Time (compatibles con trabajo/estudios) en #Sevilla y en @ENCamaraSevilla ya hay qui√©n ha empezado a calentar!!üí™ ¬øPreparados para lo que viene? üëâ https://t.co/1KbOQQK8iw,es,"[{'screen_name': 'encamarasevilla', 'name': 'escuela de negocios', 'id': '163586106'}]",['https://bit.ly/3xeDdYv'],[],0,0,0,['sevilla'],[],https://twitter.com/TheBridge_Tech/status/1511970979324518406,False,https://twitter.com/ENCamaraSevilla/status/1511733833166729224,0,,,,,,,,[],,,,
80,1511633207061630980,1511246621362827265,2022-04-06 11:13:36 CEST,2022-04-06,11:13:36,200,127000294,beajmnz,Bea Jimenez,,@TheBridge_Tech ¬°A vuestra disposici√≥n! ¬°Muchas gracias!,es,[],[],[],0,0,0,[],[],https://twitter.com/beajmnz/status/1511633207061630980,False,,0,,,,,,,,"[{'screen_name': 'TheBridge_Tech', 'name': 'The Bridge', 'id': '1162694149956603904'}]",,,,
81,1511613451063410690,1509545618259300366,2022-04-06 09:55:05 CEST,2022-04-06,09:55:05,200,1162694149956603904,thebridge_tech,The Bridge,,"@AndreaMaganRey Hola Andrea ¬°Qu√© gran trabajo! Estamos encantados de pasarte informaci√≥n para que puedas completar ese listado, te mandamos un DM üëè",es,[],[],[],0,0,0,[],[],https://twitter.com/TheBridge_Tech/status/1511613451063410690,False,,0,,,,,,,,"[{'screen_name': 'AndreaMaganRey', 'name': 'Andrea', 'id': '397537147'}]",,,,
82,1511329612260950019,1511246621362827265,2022-04-05 15:07:13 CEST,2022-04-05,15:07:13,200,41110484,raulcotrina,Ra√∫l Cotrina,,@assemblerinstit @TheBridge_Tech @CraftCodeTech @CodeHouseLearn @CodenotchMAD @NeolandStudio @Adalab_Digital @IEuniversity @lemoncoders @codeworks @geeks_academy @penascalf5 Hola. Lo tenemos en formato Json en Git.  https://t.co/x2dnE2VFAB Pod√©is hacer un PR ;),es,[],['https://github.com/getmanfred/bootcamps'],[],0,0,3,[],[],https://twitter.com/raulcotrina/status/1511329612260950019,False,,0,,,,,,,,"[{'screen_name': 'assemblerinstit', 'name': 'Assembler Institute of Technology', 'id': '1102950803843751936'}, {'screen_name': 'TheBridge_Tech', 'name': 'The Bridge', 'id': '1162694149956603904'}, {'screen_name': 'CraftCodeTech', 'name': 'CraftCode', 'id': '3796274608'}, {'screen_name': 'CodeHouseLearn', 'name': 'CodeHouse Academy', 'id': '1141978357640380416'}, {'screen_name': 'CodenotchMAD', 'name': 'Codenotch', 'id': '1026530062923968513'}, {'screen_name': 'NeolandStudio', 'name': 'NEOLAND', 'id': '733328821504577536'}, {'screen_name': 'Adalab_Digital', 'name': 'Adalab', 'id': '761153947990097920'}, {'screen_name': 'IEuniversity', 'name': 'IE University', 'id': '16825188'}, {'screen_name': 'lemoncoders', 'name': 'lemoncode', 'id': '1334432233'}, {'screen_name': 'codeworks', 'name': 'Codeworks', 'id': '742746004047400960'}, {'screen_name': 'geeks_academy', 'name': 'GeeksHubs Academy', 'id': '4360174396'}, {'screen_name': 'penascalf5', 'name': 'Pe√±ascalf5', 'id': '1143467134200307717'}]",,,,
83,1511328611755827200,1511246621362827265,2022-04-05 15:03:14 CEST,2022-04-05,15:03:14,200,1102950803843751936,assemblerinstit,Assembler Institute of Technology,,"@raulcotrina @TheBridge_Tech @CraftCodeTech @CodeHouseLearn @CodenotchMAD @NeolandStudio @Adalab_Digital @IEuniversity @lemoncoders @codeworks @geeks_academy @penascalf5 Muy buenas Ra√∫l, nos parece una idea incre√≠ble. ¬øMe dices donde te pasamos la informaci√≥n de los cursos que tenemos actualmente?",es,[],[],[],1,0,0,[],[],https://twitter.com/assemblerinstit/status/1511328611755827200,False,,0,,,,,,,,"[{'screen_name': 'raulcotrina', 'name': 'Ra√∫l Cotrina', 'id': '41110484'}, {'screen_name': 'TheBridge_Tech', 'name': 'The Bridge', 'id': '1162694149956603904'}, {'screen_name': 'CraftCodeTech', 'name': 'CraftCode', 'id': '3796274608'}, {'screen_name': 'CodeHouseLearn', 'name': 'CodeHouse Academy', 'id': '1141978357640380416'}, {'screen_name': 'CodenotchMAD', 'name': 'Codenotch', 'id': '1026530062923968513'}, {'screen_name': 'NeolandStudio', 'name': 'NEOLAND', 'id': '733328821504577536'}, {'screen_name': 'Adalab_Digital', 'name': 'Adalab', 'id': '761153947990097920'}, {'screen_name': 'IEuniversity', 'name': 'IE University', 'id': '16825188'}, {'screen_name': 'lemoncoders', 'name': 'lemoncode', 'id': '1334432233'}, {'screen_name': 'codeworks', 'name': 'Codeworks', 'id': '742746004047400960'}, {'screen_name': 'geeks_academy', 'name': 'GeeksHubs Academy', 'id': '4360174396'}, {'screen_name': 'penascalf5', 'name': 'Pe√±ascalf5', 'id': '1143467134200307717'}]",,,,
308,1509622664297693189,1509622664297693189,2022-03-31 22:04:25 CEST,2022-03-31,22:04:25,200,1162694149956603904,thebridge_tech,The Bridge,,"Cuando piensas en un hacker... ¬øTe imaginas a una mujer? ü§î ""Son muy pocas las mujeres que deciden apostar por estudios de tecnolog√≠a, hay que fomentar la inclusi√≥n de las mujeres en un mercado laboral con un futuro muy prometedor"", explica @ikerarceseco üë©‚Äçüíª https://t.co/UQgHL1tLCQ",es,"[{'screen_name': 'ikerarceseco', 'name': 'iker arce seco', 'id': '14645579'}]",['https://bit.ly/36IW4jF'],[],0,0,0,[],[],https://twitter.com/TheBridge_Tech/status/1509622664297693189,False,,0,,,,,,,,[],,,,
309,1509126320386715655,1509126320386715655,2022-03-30 13:12:07 CEST,2022-03-30,13:12:07,200,1402182570314539009,thefringelabs,TheFringe/LABS,,Hemos colaborado con @TheBridge_Tech aportando el proyecto final de los alumnos para el Desaf√≠o de Tripulaciones y premiando a los 3 grupos con una donaci√≥n para la ONG de su elecci√≥n. Incre√≠bles resultados en tiempo r√©cordü§© #apoyamoseltalentotech  https://t.co/vJ5HdV6gSN  https://t.co/LpSUpFtdfp,es,"[{'screen_name': 'thebridge_tech', 'name': 'the bridge', 'id': '1162694149956603904'}]",['https://www.thefringelabs.com/thefringelabs-supports-digital-talent/'],['https://pbs.twimg.com/media/FPF9_Y4WUAENKXm.jpg'],0,1,4,['apoyamoseltalentotech'],[],https://twitter.com/TheFringeLABS/status/1509126320386715655,False,,1,https://pbs.twimg.com/media/FPF9_Y4WUAENKXm.jpg,,,,,,,[],,,,
310,1509108619782111235,1509108619782111235,2022-03-30 12:01:47 CEST,2022-03-30,12:01:47,200,1162694149956603904,thebridge_tech,The Bridge,,¬°Lleg√≥ el d√≠a! Hoy es el #DesafiodeTripulaciones ‚öî en el campus de #Valencia ¬°Mucha suerte a toda esa primera promoci√≥n valenciana presentando sus s√∫per webapps! No te lo pierdas ‚ñ∂ Sigue ya el DIRECTO aqu√≠  https://t.co/lLXz2wKxaX  #datascience #fullstackwebdevelopment #bootcamp,es,[],['https://bit.ly/3qNajL8'],[],0,2,1,"['desafiodetripulaciones', 'valencia', 'datascience', 'fullstackwebdevelopment', 'bootcamp']",[],https://twitter.com/TheBridge_Tech/status/1509108619782111235,False,,0,,,,,,,,[],,,,
311,1509101924699803650,1509101924699803650,2022-03-30 11:35:11 CEST,2022-03-30,11:35:11,200,1197839987867373568,vocentoeventos,vocentoEventos,,Seguimos con la 2mesa #ForoVocentoEducaci√≥n: Formaci√≥n para el futuro y las nuevas profesionales que vienen. Participan: ‚ñ™Ô∏è @JuanJoseJuarez @FBertelsmann ‚ñ™Ô∏è @mortizcotro @FundCreate ‚ñ™Ô∏è Iker Arce @TheBridge_Tech ‚ñ™Ô∏è Gabriel Masfurroll @UABBarcelona üî¥DIRECTO  https://t.co/8xxFlqVpCP  https://t.co/3qAkFVQ9bs,es,"[{'screen_name': 'juanjosejuarez', 'name': 'juan jos√© ju√°rez', 'id': '118771301'}, {'screen_name': 'fbertelsmann', 'name': 'fundaci√≥nbertelsmann', 'id': '466407338'}, {'screen_name': 'mortizcotro', 'name': 'margarita ortiz', 'id': '426224564'}, {'screen_name': 'fundcreate', 'name': 'fundaci√≥n cr√©ate', 'id': '611526634'}, {'screen_name': 'thebridge_tech', 'name': 'the bridge', 'id': '1162694149956603904'}, {'screen_name': 'uabbarcelona', 'name': 'universitat aut√≤noma de barcelona', 'id': '304338078'}]",['https://live.vocentoeventos.com/ForoEducacion/#vca=rrss&vmc=abc-es&vso=tw&vli=cm-general&_tcode=bDRqdmQx'],['https://pbs.twimg.com/media/FPFoJ7NWQAUkWKh.jpg'],0,2,8,['forovocentoeducaci√≥n'],[],https://twitter.com/vocentoeventos/status/1509101924699803650,False,,1,https://pbs.twimg.com/media/FPFoJ7NWQAUkWKh.jpg,,,,,,,[],,,,
312,1509074925654532099,1509074925654532099,2022-03-30 09:47:54 CEST,2022-03-30,09:47:54,200,1162694149956603904,thebridge_tech,The Bridge,,"A partir de las 11h nuestro CEO @ikerarceseco participa en el #ForoVocentoEducacion en el debate ""Formaci√≥n para el futuro y las nuevas profesiones que vienen"" organizado por @Vocento (@vocentoeventos) y @KreabEspana. S√≠gueloüî¥EN DIRECTO ‚û°  https://t.co/JFh6RBMBd4  https://t.co/RJvjrxULch",es,"[{'screen_name': 'ikerarceseco', 'name': 'iker arce seco', 'id': '14645579'}, {'screen_name': 'vocento', 'name': 'vocento', 'id': '418562069'}, {'screen_name': 'vocentoeventos', 'name': 'vocentoeventos', 'id': '1197839987867373568'}, {'screen_name': 'kreabespana', 'name': 'kreab espa√±a', 'id': '491498207'}]",['http://bit.ly/36rOPw5'],['https://pbs.twimg.com/media/FPFOpj0XsAQZFUu.jpg'],0,0,4,['forovocentoeducacion'],[],https://twitter.com/TheBridge_Tech/status/1509074925654532099,False,https://twitter.com/vocentoeventos/status/1508828414920253443,1,https://pbs.twimg.com/media/FPFOpj0XsAQZFUu.jpg,,,,,,,[],,,,
313,1508843117000249345,1508828414920253443,2022-03-29 18:26:46 CEST,2022-03-29,18:26:46,200,1197839987867373568,vocentoeventos,vocentoEventos,,2‚É£ FORMACI√ìN PARA EL FUTURO Y LAS NUEVAS PROFESIONES QUE VIENEN ‚ñ™Ô∏è @JuanJoseJuarez (@FBertelsmann) ‚ñ™Ô∏è @mortizcotro (@FundCreate) ‚ñ™Ô∏è Iker Arce (@TheBridge_Tech) ‚ñ™Ô∏è Gabriel Masfurroll (@UABBarcelona) Modera: Antonio San Jos√© (@asanjoseperez) (@KreabEspana)  #ForoVocentoEducaci√≥n  https://t.co/kMY2q5gEZE,es,"[{'screen_name': 'juanjosejuarez', 'name': 'juan jos√© ju√°rez', 'id': '118771301'}, {'screen_name': 'fbertelsmann', 'name': 'fundaci√≥nbertelsmann', 'id': '466407338'}, {'screen_name': 'mortizcotro', 'name': 'margarita ortiz', 'id': '426224564'}, {'screen_name': 'fundcreate', 'name': 'fundaci√≥n cr√©ate', 'id': '611526634'}, {'screen_name': 'thebridge_tech', 'name': 'the bridge', 'id': '1162694149956603904'}, {'screen_name': 'uabbarcelona', 'name': 'universitat aut√≤noma de barcelona', 'id': '304338078'}, {'screen_name': 'asanjoseperez', 'name': 'antonio san jos√©', 'id': '547866141'}, {'screen_name': 'kreabespana', 'name': 'kreab espa√±a', 'id': '491498207'}]",[],['https://pbs.twimg.com/media/FPB3Ji4XEAIQzhr.jpg'],1,1,3,['forovocentoeducaci√≥n'],[],https://twitter.com/vocentoeventos/status/1508843117000249345,False,,1,https://pbs.twimg.com/media/FPB3Ji4XEAIQzhr.jpg,,,,,,,[],,,,
314,1507711509467734019,1507711509467734019,2022-03-26 14:30:10 CET,2022-03-26,14:30:10,200,41545659,nodosenlared,Mario Lopez de Avila,,"Jaime, estoy seguro de que en @TheBridge_Tech , la aceleradora de talento digital l√≠der en nuestro pa√≠s, estar√≠an encantados de ayudarte en la organizaci√≥n de ese Hackhaton. Al menos yo lo estoy üòâ",es,"[{'screen_name': 'thebridge_tech', 'name': 'the bridge', 'id': '1162694149956603904'}]",[],[],0,2,6,[],[],https://twitter.com/nodosenlared/status/1507711509467734019,False,https://twitter.com/JaimeObregon/status/1507697770366484482,0,,,,,,,,[],,,,
315,1507059034146361344,1507059034146361344,2022-03-24 19:17:28 CET,2022-03-24,19:17:28,200,163586106,encamarasevilla,Escuela de Negocios,,"La @camaradesevilla organiza junto al Grupo Planeta y su presidente Jos√© Lara, este encuentro con las empresas #ClubC√°mara para recoger las necesidades del #SectorTecnol√≥gico y presentar nuestra oferta de #Bootcamps de la mano de @TheBridge_Tech  https://t.co/rJkWd5MKT8  https://t.co/J6SHTHXylM",es,"[{'screen_name': 'camaradesevilla', 'name': 'c√°mara de comercio de sevilla', 'id': '106344840'}, {'screen_name': 'thebridge_tech', 'name': 'the bridge', 'id': '1162694149956603904'}]",['https://en.camaradesevilla.com/bootcamps/'],['https://pbs.twimg.com/media/FOolyW4WUAkdwji.jpg'],0,4,7,"['clubc√°mara', 'sectortecnol√≥gico', 'bootcamps']",[],https://twitter.com/ENCamaraSevilla/status/1507059034146361344,False,,1,https://pbs.twimg.com/media/FOolyW4WUAkdwji.jpg,,,,,,,[],,,,
